Waypoint,Golf Penha Longa,ALFA,38.74583333333334,-9.408611111111112,0,0,Portugal,,,100
Waypoint,Forte,BRAVO,38.698055555555555,-9.384166666666665,0,0,Portugal,,,100
Waypoint,Torre Negra,CHARLIE,38.7075,-9.302777777777779,0,0,Portugal,,,100
Waypoint,Deposito de Carros,DELTA,38.76027777777778,-9.318055555555555,0,0,Portugal,,,100
Waypoint,CAS VORDME,NOVEMBER,38.748333333333335,-9.361944444444443,0,0,Portugal,,,100
Waypoint,Abem Portagens,SIERRA,38.70777777777778,-9.34888888888889,0,0,Portugal,,,100
VRP,ABRANTES,ABRAN,39.463055555555556,-8.199722222222222,0,0,Portugal,,,100
VRP,ACADEMIA MILITAR LISBOA,ACMIL,38.725833333333334,-9.139166666666666,0,0,Portugal,,,100
Helipad,AGUAS DE MOURA - HELIPORTO,HAMOU,38.58361111111111,-8.698055555555555,0,0,Portugal,,,100
VRP,AGUCADOURA,AGUSA,41.43138888888889,-8.777777777777779,0,0,Portugal,,,100
VRP,AGUDA,AGUDA,41.04944444444444,-8.652777777777779,0,0,Portugal,,,100
VRP,AGUEDA,AGUED,40.57555555555556,-8.446388888888889,0,0,Portugal,,,100
Helipad,AGUIAR DA BEIRA - HELIPORTO,AGBEI,40.8175,-7.536388888888888,0,0,Portugal,,,100
VRP,AGUIEIRA,AGUIE,40.34722222222222,-8.186944444444444,0,0,Portugal,,,100
VRP,ALANDROAL,ALOAL,38.70111111111111,-7.404166666666667,0,0,Portugal,,,100
VRP,ALBERGARIA DOS DOZE,ADOZE,39.79888888888889,-8.581944444444444,0,0,Portugal,,,100
VRP,ALBERGARIA-A-VELHA,ALVEL,40.689722222222215,-8.48,0,0,Portugal,,,100
Helipad,ALBERGARIA-A-VELHA - HELIPORTO,HALBG,40.70722222222223,-8.491388888888888,0,0,Portugal,,,100
VRP,ALBERNOA,ALBER,37.859722222222224,-7.959444444444444,0,0,Portugal,,,100
VRP,ALBUFEIRA,ALBUF,37.08777777777778,-8.248333333333333,0,0,Portugal,,,100
VRP,ALBUFEIRA DO AZIBO,ALAZI,41.58527777777778,-6.9061111111111115,0,0,Portugal,,,100
VRP,ALCACER DO SAL,ADSAL,38.3725,-8.51,0,0,Portugal,,,100
VRP,ALCACER DO SAL - MONTEVIL ULM,MTVIL,38.39944444444444,-8.575277777777778,0,0,Portugal,,,100
VRP,ALCACOVAS,ALVAS,38.3925,-8.153333333333334,0,0,Portugal,,,100
VRP,ALCAINS,ALCAI,39.91555555555556,-7.456111111111111,0,0,Portugal,,,100
VRP,ALCANENA,ALCAN,39.459722222222226,-8.666666666666666,0,0,Portugal,,,100
VRP,ALCARIA (FUNDAO),ALCAR,40.19972222222222,-7.519722222222222,0,0,Portugal,,,100
VRP,ALCOBACA,ALCOB,39.54861111111111,-8.979722222222222,0,0,Portugal,,,100
VRP,ALCOCHETE,ALCHE,38.75611111111111,-8.96111111111111,0,0,Portugal,,,100
VRP,ALCOENTRE,ALCOE,39.20861111111111,-8.959444444444443,0,0,Portugal,,,100
VRP,ALCOUTIM,ALCOU,37.47,-7.473055555555556,0,0,Portugal,,,100
VRP,ALDEIA DA LUZ,ALLUZ,38.34444444444445,-7.377222222222222,0,0,Portugal,,,100
VRP,ALDEIA DA PONTE,APONT,40.41416666666667,-6.8691666666666675,0,0,Portugal,,,100
VRP,ALDEIA DE PALMA ULM,APALM,38.4575,-8.554444444444446,0,0,Portugal,,,100
VRP,ALDEIA DO BISPO,ABISP,40.32277777777778,-6.847777777777777,0,0,Portugal,,,100
VRP,ALDEIA GRANDE (SETUBAL),ALDGR,38.51861111111111,-8.96361111111111,0,0,Portugal,,,100
VRP,ALDEIA NOVA S. BENTO (SERPA),ANSBT,37.925555555555555,-7.41,0,0,Portugal,,,100
VRP,ALENQUER,ALENQ,39.04944444444444,-8.999166666666666,0,0,Portugal,,,100
VRP,ALENTEJO AIR PARK - ULM,ALAPK,37.46555555555556,-8.737222222222222,0,0,Portugal,,,100
VRP,ALFANDEGA DA FE´,ALFFE,41.34444444444445,-6.960555555555556,0,0,Portugal,,,100
VRP,ALFENA,ALFEN,41.24027777777778,-8.495277777777776,0,0,Portugal,,,100
VRP,ALFRAGIDE,ALFRG,38.73777777777778,-9.219722222222222,0,0,Portugal,,,100
VRP,ALGES,ALGES,38.700833333333335,-9.230277777777777,0,0,Portugal,,,100
Helipad,ALGES - HELIPORTO,HALGE,38.69555555555555,-9.235555555555555,0,0,Portugal,,,100
VRP,ALGOSO,ALGSO,41.47,-6.575277777777777,0,0,Portugal,,,100
VRP,ALHANDRA,ALHAN,38.926944444444445,-9.008611111111112,0,0,Portugal,,,100
VRP,ALHOS VEDROS,AVEDR,38.64083333333333,-9.005833333333333,0,0,Portugal,,,100
VRP,ALIJO AD,ALIJO,41.327222222222225,-7.458611111111111,0,0,Portugal,,,100
VRP,ALJEZUR,ALZUR,37.316944444444445,-8.803611111111111,0,0,Portugal,,,100
VRP,ALJUSTREL,ALJUS,37.87583333333333,-8.164722222222222,0,0,Portugal,,,100
VRP,ALMADA,ALMAD,38.67611111111111,-9.165000000000001,0,0,Portugal,,,100
VRP,ALMANCIL,ALCIL,37.09444444444445,-8.030555555555557,0,0,Portugal,,,100
VRP,ALMEIRIM,ALMEI,39.20611111111111,-8.625833333333334,0,0,Portugal,,,100
VRP,ALMENDRA,ALMEN,40.99805555555556,-7.055,0,0,Portugal,,,100
VRP,ALMODOVAR,ALMOD,37.51166666666666,-8.060555555555556,0,0,Portugal,,,100
VRP,ALMOSTER ULM,ALMOS,39.22805555555556,-8.796944444444444,0,0,Portugal,,,100
VRP,ALMOUROL (CASTELO),ALMOU,39.46194444444445,-8.383888888888889,0,0,Portugal,,,100
VRP,ALPALHAO (NISA),ALPAL,39.415277777777774,-7.621388888888889,0,0,Portugal,,,100
VRP,ALPIARCA,ALPIA,39.25416666666667,-8.58,0,0,Portugal,,,100
VRP,ALQUEIDA˜O ULM,ALQAO,39.0675,-8.806111111111111,0,0,Portugal,,,100
VRP,ALTER DO CHAO,ALTER,39.20111111111111,-7.660277777777778,0,0,Portugal,,,100
VRP,ALTO MIRA (CENTRAL ELETRICA),ALMIR,38.77777777777778,-9.23861111111111,0,0,Portugal,,,100
VRP,ALTURA,ALTUR,37.181666666666665,-7.502222222222223,0,0,Portugal,,,100
VRP,ALVALADE,ALADE,37.93611111111111,-8.391666666666666,0,0,Portugal,,,100
VRP,ALVARENGA,ALVAR,40.96944444444445,-8.163055555555555,0,0,Portugal,,,100
VRP,ALVERCA,ALVER,38.88,-9.020555555555557,0,0,Portugal,,,100
VRP,ALVITO,ALVIT,38.255833333333335,-7.991944444444444,0,0,Portugal,,,100
VRP,ALVOR,ALVOR,37.13027777777778,-8.593611111111112,0,0,Portugal,,,100
VRP,AMADORA,AMDRA,38.757777777777775,-9.223888888888888,0,0,Portugal,,,100
VRP,AMARANTE,AMARA,41.269444444444446,-8.0825,0,0,Portugal,,,100
VRP,AMARELEJA ULM,ALEJA,38.2025,-7.225833333333333,0,0,Portugal,,,100
VRP,AMARES,AMARE,41.63166666666667,-8.348611111111111,0,0,Portugal,,,100
VRP,AMEIXIAL,AMEIX,37.36388888888889,-7.963055555555556,0,0,Portugal,,,100
VRP,AMENDOEIRA DA SERRA,AMEND,37.70583333333334,-7.6925,0,0,Portugal,,,100
VRP,AMENDOEIRA ULM (MONTEMOR O NOVO),MENDA,38.70916666666667,-8.275277777777779,0,0,Portugal,,,100
VRP,AMIAES DE BAIXO,AMBXO,39.44222222222222,-8.731388888888889,0,0,Portugal,,,100
VRP,ANADIA,ANDIA,40.440555555555555,-8.435277777777777,0,0,Portugal,,,100
VRP,ANCA,ANCA,40.27305555555555,-8.521111111111113,0,0,Portugal,,,100
VRP,APARICA (MONTE DE) - BEJA,APICA,38.096111111111114,-7.867500000000001,0,0,Portugal,,,100
VRP,APULIA,APULI,41.48444444444444,-8.769722222222223,0,0,Portugal,,,100
VRP,ARAZEDE,ARAZE,40.28194444444444,-8.651944444444444,0,0,Portugal,,,100
VRP,ARCOS DE VALDEVEZ,ARCOS,41.845,-8.418888888888889,0,0,Portugal,,,100
VRP,ARCOZELO,ARCZL,41.051944444444445,-8.643611111111111,0,0,Portugal,,,100
VRP,ARGANIL,ARGAN,40.218611111111116,-8.053611111111111,0,0,Portugal,,,100
VRP,ARMACAO DE PERA,APERA,37.1025,-8.360277777777778,0,0,Portugal,,,100
VRP,ARMACAO DE PERA ULM,ARMAC,37.11694444444444,-8.347777777777779,0,0,Portugal,,,100
VRP,ARMAMAR,ARMAR,41.10722222222223,-7.692777777777778,0,0,Portugal,,,100
VRP,ARMONA,ARMON,37.030277777777776,-7.768611111111111,0,0,Portugal,,,100
VRP,AROUCA,AROCA,40.928888888888885,-8.243055555555555,0,0,Portugal,,,100
VRP,ARRAIOLOS,ARRAI,38.723333333333336,-7.986666666666666,0,0,Portugal,,,100
VRP,ARRAIOLOS ULM,AOLOS,38.70277777777778,-8.014166666666666,0,0,Portugal,,,100
VRP,ARRANHO,ARRHO,38.95333333333333,-9.135,0,0,Portugal,,,100
VRP,ARRIPIADO,ARRIP,39.455555555555556,-8.399444444444445,0,0,Portugal,,,100
VRP,ARRONCHES,ARRON,39.12166666666667,-7.2844444444444445,0,0,Portugal,,,100
VRP,ARRUDA DOS VINHOS,AVINH,38.98361111111111,-9.077222222222222,0,0,Portugal,,,100
VRP,ATOUGUIA DA BALEIA ULM,ATOUG,39.34805555555556,-9.32,0,0,Portugal,,,100
VRP,AVEIRAS DE CIMA,ACIMA,39.1375,-8.9,0,0,Portugal,,,100
VRP,AVEIRO,AVEIR,40.64055555555556,-8.653611111111111,0,0,Portugal,,,100
VRP,AVIDAGOS,AVGOS,41.400555555555556,-7.306666666666667,0,0,Portugal,,,100
VRP,AVINTES,AVINT,41.09638888888889,-8.55,0,0,Portugal,,,100
VRP,AVIS,AVIS,39.055277777777775,-7.8902777777777775,0,0,Portugal,,,100
VRP,AZAMBUJA ULM,AZAMB,39.05916666666666,-8.82638888888889,0,0,Portugal,,,100
VRP,AZINHAL,AZINH,37.28472222222222,-7.465,0,0,Portugal,,,100
VRP,BACELO (EVORA),BACEL,38.60388888888889,-7.83,0,0,Portugal,,,100
VRP,BAIAO,BAIAO,41.16416666666667,-8.034166666666666,0,0,Portugal,,,100
VRP,BALEIZAO,BLZAO,38.0225,-7.7219444444444445,0,0,Portugal,,,100
VRP,BALTAR,BALTR,41.192499999999995,-8.388333333333334,0,0,Portugal,,,100
Helipad,BALTAR (PAREDES) - HELIPORTO,BLTAR,41.19,-8.385555555555555,0,0,Portugal,,,100
VRP,BALUGAES,BALUG,41.6425,-8.643055555555556,0,0,Portugal,,,100
VRP,BARCA D’ ALVA,BALVA,41.02638888888889,-6.9425,0,0,Portugal,,,100
VRP,BARCELOS,BELOS,41.52777777777778,-8.608611111111111,0,0,Portugal,,,100
VRP,BARRAGEM DA BEMPOSTA,BEMPO,41.30083333333333,-6.469722222222222,0,0,Portugal,,,100
VRP,BARRAGEM DA BRAVURA,BVURA,37.20194444444445,-8.698333333333334,0,0,Portugal,,,100
VRP,BARRAGEM DA CANICADA,CCADA,41.653055555555554,-8.230833333333333,0,0,Portugal,,,100
VRP,BARRAGEM DA VENDA NOVA - SETUBAL,BVNOV,38.516666666666666,-8.555833333333334,0,0,Portugal,,,100
VRP,BARRAGEM DE BELVER,BLVER,39.47916666666667,-7.997777777777777,0,0,Portugal,,,100
VRP,BARRAGEM DE BOUCA,BOUCA,39.85333333333333,-8.21861111111111,0,0,Portugal,,,100
VRP,BARRAGEM DE CASTELO DE BODE,CBOD,39.54277777777778,-8.319166666666666,0,0,Portugal,,,100
VRP,BARRAGEM DE CEDILHE (VILA VELHA DE RO- DAO),CEDIL,39.664722222222224,-7.539722222222222,0,0,Portugal,,,100
VRP,BARRAGEM DE CRESTUMA TUNEL VFR PRT,CREST,41.073055555555555,-8.486944444444443,0,0,Portugal,,,100
VRP,BARRAGEM DE FRATEL,FRATE,39.565,-7.812222222222222,0,0,Portugal,,,100
VRP,BARRAGEM DE FREITA,FREIT,41.58555555555556,-8.1375,0,0,Portugal,,,100
VRP,BARRAGEM DE IDANHA,IDANB,39.94472222222222,-7.200833333333334,0,0,Portugal,,,100
VRP,BARRAGEM DE MONTARGIL,MTGIL,39.053888888888885,-8.176388888888889,0,0,Portugal,,,100
VRP,BARRAGEM DE MONTEJUNTO - CERCAL,CRCAL,39.233333333333334,-9.000277777777777,0,0,Portugal,,,100
VRP,BARRAGEM DE ODIAXERE,BODIA,37.218611111111116,-8.698333333333334,0,0,Portugal,,,100
VRP,BARRAGEM DE ODIVELAS,BODIV,38.18527777777778,-8.115277777777777,0,0,Portugal,,,100
VRP,BARRAGEM DE PEGO DO ALTAR,PEGAL,38.418055555555554,-8.391944444444444,0,0,Portugal,,,100
VRP,BARRAGEM DE PRACANA,PCANA,39.565,-7.812222222222222,0,0,Portugal,,,100
VRP,BARRAGEM DE RILVAS,RILVA,38.68666666666666,-8.835277777777778,0,0,Portugal,,,100
VRP,BARRAGEM DE SANTA CLARA,SCVEL,37.51361111111111,-8.441666666666666,0,0,Portugal,,,100
VRP,BARRAGEM DE SANTA LUZIA,SUZIA,40.08972222222222,-7.858055555555556,0,0,Portugal,,,100
VRP,BARRAGEM DE SANTA SUZANA,STSUZ,38.41777777777777,-8.391944444444444,0,0,Portugal,,,100
VRP,BARRAGEM DE VALE DE GAIO,VGAIO,38.2475,-8.295,0,0,Portugal,,,100
VRP,BARRAGEM DE VILAR,BVILR,40.986666666666665,-7.535555555555556,0,0,Portugal,,,100
VRP,BARRAGEM DE VILARINHO DAS FURNAS,VFUNA,41.763333333333335,-8.208888888888888,0,0,Portugal,,,100
VRP,BARRAGEM DO ALQUEVA,BALQV,38.1975,-7.496388888888889,0,0,Portugal,,,100
VRP,BARRAGEM DO AZIBO,BZIBO,41.556666666666665,-6.886944444444444,0,0,Portugal,,,100
VRP,BARRAGEM DO CABRIL,CBRIL,39.91777777777777,-8.131944444444445,0,0,Portugal,,,100
VRP,BARRAGEM DO CAIA,CAIA,39.004444444444445,-7.144444444444445,0,0,Portugal,,,100
VRP,BARRAGEM DO CARRAPATELO,CARRA,41.08555555555556,-8.131388888888889,0,0,Portugal,,,100
VRP,BARRAGEM DO CIBORRO,CIBOR,38.79694444444444,-8.215277777777777,0,0,Portugal,,,100
VRP,BARRAGEM DO COVAO DO CURRAL,COVAO,40.371944444444445,-7.643055555555555,0,0,Portugal,,,100
VRP,BARRAGEM DO CRATO,CRATB,39.25055555555556,-7.651111111111112,0,0,Portugal,,,100
VRP,BARRAGEM DO DIVOR,DIVOR,38.70055555555556,-7.924722222222223,0,0,Portugal,,,100
VRP,BARRAGEM DO ERMAL,BRMAL,41.58583333333333,-8.1375,0,0,Portugal,,,100
VRP,BARRAGEM DO LINDOSO,BLINS,41.87166666666667,-8.202499999999999,0,0,Portugal,,,100
VRP,BARRAGEM DO MARANHAO,MNHAO,39.014722222222225,-7.975833333333333,0,0,Portugal,,,100
VRP,BARRAGEM DO PISCO,PISCO,40.02166666666667,-7.555833333333333,0,0,Portugal,,,100
VRP,BARRAGEM DO ROXO,ROXO,37.93,-8.081111111111111,0,0,Portugal,,,100
VRP,BARRAGEM DO ROXO ULM,BROXO,37.93333333333333,-8.08361111111111,0,0,Portugal,,,100
VRP,BARRAGEM MONTE DA ROCHA,BMROC,37.72777777777778,-8.292222222222222,0,0,Portugal,,,100
VRP,BARRANCO DO VELHO,BVEL,37.237500000000004,-7.936944444444444,0,0,Portugal,,,100
VRP,BARRANCOS,BARRC,38.12916666666667,-6.975555555555555,0,0,Portugal,,,100
VRP,BARREIRO,BARRE,38.660555555555554,-9.078888888888889,0,0,Portugal,,,100
VRP,BARROSINHA ULM - ALCACER DO SAL,BARRO,38.34305555555556,-8.440277777777778,0,0,Portugal,,,100
VRP,BATALHA,BATLH,39.65888888888889,-8.825555555555555,0,0,Portugal,,,100
VRP,BEJA (POVOACAO),BEJA,38.01611111111111,-7.862777777777778,0,0,Portugal,,,100
Helipad,BEJA - HELIPORTO,HBEJA,38.058055555555555,-7.875277777777778,0,0,Portugal,,,100
VRP,BEJA ULM,ABEJA,38.06027777777778,-7.8775,0,0,Portugal,,,100
VRP,BELAS,BELAS,38.77361111111111,-9.275277777777779,0,0,Portugal,,,100
VRP,BELMONTE,BELMO,40.359722222222224,-7.348055555555555,0,0,Portugal,,,100
VRP,BELO ULM - MERTOLA,BELO,37.57611111111112,-7.7444444444444445,0,0,Portugal,,,100
VRP,BENAVENTE,BVENT,38.981388888888894,-8.81027777777778,0,0,Portugal,,,100
VRP,BENAVENTE ULM,BENAV,38.913333333333334,-8.785833333333333,0,0,Portugal,,,100
VRP,BENAVILA,BVILA,39.111111111111114,-7.870555555555556,0,0,Portugal,,,100
VRP,BENSAFRIM,BENSA,37.155277777777776,-8.735555555555555,0,0,Portugal,,,100
VRP,BERINGEL,BRGEL,38.05694444444444,-7.985833333333334,0,0,Portugal,,,100
VRP,BERLENGAS,BERLN,39.41416666666667,-9.511666666666667,0,0,Portugal,,,100
VRP,BILRETE ULM,BILRT,38.98222222222223,-8.767222222222223,0,0,Portugal,,,100
VRP,BOLIQUEIME,BEIME,37.12888888888889,-8.150555555555556,0,0,Portugal,,,100
VRP,BOMBARRAL,BOMBA,39.26861111111111,-9.157777777777778,0,0,Portugal,,,100
VRP,BORB,BORBA,38.806666666666665,-7.458333333333334,0,0,Portugal,,,100
VRP,BORDEIRA,BORDE,37.19583333333333,-8.86111111111111,0,0,Portugal,,,100
VRP,BOTICA (TUNNEL DA BARCA),BOTIK,41.24138888888889,-8.665000000000001,0,0,Portugal,,,100
VRP,BOTICAS,BOTIC,41.69027777777777,-7.669166666666667,0,0,Portugal,,,100
VRP,BRAGA (LOCALIDADE),BRAGA,41.54527777777778,-8.426388888888889,0,0,Portugal,,,100
VRP,BRAGANCA,BRGAN,41.80611111111111,-6.756666666666667,0,0,Portugal,,,100
VRP,BREJOS,BREJO,37.11083333333333,-8.223055555555556,0,0,Portugal,,,100
VRP,BREJOS DA CARREGUEIRA,BRCAR,38.32916666666667,-8.76,0,0,Portugal,,,100
VRP,BRINCHES,BCHES,38.03611111111111,-7.605277777777777,0,0,Portugal,,,100
VRP,BROTAS,BROTA,38.86055555555556,-8.1225,0,0,Portugal,,,100
VRP,BUGIO (FAROL),BUGIO,38.66027777777778,-9.29888888888889,0,0,Portugal,,,100
VRP,BURGAU,BRGAU,37.07166666666667,-8.775277777777779,0,0,Portugal,,,100
VRP,CABANAS - MINHEU ULM,ACABN,41.540277777777774,-7.677777777777778,0,0,Portugal,,,100
VRP,CABECEIRAS DE BASTO,CABEC,41.51166666666666,-7.997777777777777,0,0,Portugal,,,100
VRP,CABECEIRAS DE BASTO ULM,CBBST,41.555277777777775,-7.987777777777778,0,0,Portugal,,,100
VRP,CABECO DA VACA ULM,CVACA,40.34444444444445,-6.98,0,0,Portugal,,,100
VRP,CABECO DE VIDE,CAVID,39.132777777777775,-7.588055555555555,0,0,Portugal,,,100
VRP,CABO CARVOEIRO,CCARV,39.36055555555556,-9.407777777777778,0,0,Portugal,,,100
VRP,CABO DA ROCA,CROCA,38.780277777777776,-9.49861111111111,0,0,Portugal,,,100
VRP,CABO MONDEGO,CDEGO,40.180277777777775,-8.905833333333334,0,0,Portugal,,,100
VRP,CABO RASO,CRASO,38.71,-9.48611111111111,0,0,Portugal,,,100
VRP,CABO S. VICENTE,SVICE,37.022777777777776,-8.996388888888887,0,0,Portugal,,,100
VRP,CABO SARDAO,CSARD,37.93194444444444,-8.816111111111113,0,0,Portugal,,,100
VRP,CABRELA,CABRE,38.93194444444444,-8.463055555555554,0,0,Portugal,,,100
VRP,CACELA,CACEL,37.153055555555554,-7.542777777777777,0,0,Portugal,,,100
VRP,CACHOPO,CHOPO,37.33305555555556,-7.817222222222222,0,0,Portugal,,,100
VRP,CACIA,CACIA,40.68333333333333,-8.596111111111112,0,0,Portugal,,,100
VRP,CADAVAL,CADAV,39.239444444444445,-9.101388888888888,0,0,Portugal,,,100
VRP,CALDAS DA RAINHA,CRAIN,39.404444444444444,-9.140555555555554,0,0,Portugal,,,100
VRP,CAMBAS,CAMBA,40.0075,-7.846388888888889,0,0,Portugal,,,100
VRP,CAMINHA,CAMIN,41.87305555555555,-8.837777777777779,0,0,Portugal,,,100
VRP,CAMPEA,CMPEA,41.29055555555556,-7.8822222222222225,0,0,Portugal,,,100
VRP,CAMPINHO ULM - REGUENGOS,CAMPI,38.35916666666667,-7.465833333333333,0,0,Portugal,,,100
VRP,CAMPO MAIOR,CMAOR,39.01361111111111,-7.069999999999999,0,0,Portugal,,,100
VRP,CAMPO MAIOR ULM,ACMOR,39.01361111111111,-7.069999999999999,0,0,Portugal,,,100
VRP,CANAL CAVEIRA,CCAVE,38.135,-8.48861111111111,0,0,Portugal,,,100
VRP,CANAS DE SENHORIM,CANAS,40.5025,-7.902777777777779,0,0,Portugal,,,100
VRP,CANHA,CANHA,38.766666666666666,-8.627222222222223,0,0,Portugal,,,100
VRP,CANHESTROS,CANHS,38.03611111111111,-8.286388888888888,0,0,Portugal,,,100
VRP,CANICEIRA,CANIC,39.283055555555556,-8.510277777777778,0,0,Portugal,,,100
VRP,CANTANHEDE,CANTA,40.346944444444446,-8.593055555555557,0,0,Portugal,,,100
VRP,CAPARICA (POVOACAO),CPICA,38.663888888888884,-9.198055555555555,0,0,Portugal,,,100
VRP,CAPINHA,CAPIN,40.200833333333335,-7.375,0,0,Portugal,,,100
VRP,CARAMULO,CRULO,40.57166666666667,-8.170555555555556,0,0,Portugal,,,100
VRP,CARCAVELOS,CARCA,38.68888888888888,-9.338055555555556,0,0,Portugal,,,100
VRP,CARIA,CARIA,40.93277777777777,-7.598055555555555,0,0,Portugal,,,100
VRP,CARRAPATEIRA,CARRP,37.18416666666666,-8.895833333333332,0,0,Portugal,,,100
VRP,CARRAZEDA DE ANSIAES,CZEDA,41.24277777777778,-7.3075,0,0,Portugal,,,100
VRP,CARRAZEDO DE MONTENEGRO,CMONT,41.56361111111111,-7.426666666666667,0,0,Portugal,,,100
VRP,CARREGOSA,CARGS,40.884166666666665,-8.414722222222222,0,0,Portugal,,,100
VRP,CARREGUEIRA (CHAMUSCA),CARRG,39.41916666666666,-8.416111111111112,0,0,Portugal,,,100
VRP,CARTAXO,CTAXO,39.16166666666666,-8.78888888888889,0,0,Portugal,,,100
VRP,CARVALHAL,CRVAL,38.30972222222222,-8.745833333333332,0,0,Portugal,,,100
VRP,CARVALHOS,CARVL,41.065,-8.570277777777777,0,0,Portugal,,,100
VRP,CARVIDE,CARVI,39.86,-8.892222222222221,0,0,Portugal,,,100
VRP,CARVOEIRO,CARVO,37.09861111111111,-8.469444444444445,0,0,Portugal,,,100
VRP,CASA BRANCA,CASAB,38.49861111111111,-8.158888888888889,0,0,Portugal,,,100
VRP,CASALINHO - POMBAL ULM,POMBA,39.88638888888889,-8.648888888888889,0,0,Portugal,,,100
VRP,CASARAO ULM - AGUEDA,CSRAO,40.549166666666665,-8.40611111111111,0,0,Portugal,,,100
VRP,CASCAIS (VOOS LOCAIS),CCAIS,38.7,-9.416666666666666,0,0,Portugal,,,100
VRP,CASCAIS AD,CASC,38.72555555555556,-9.355277777777777,0,0,Portugal,,,100
VRP,CASTANHEIRA DE PERA,CPERA,40.005833333333335,-8.212499999999999,0,0,Portugal,,,100
VRP,CASTELO BRANCO,CASTB,39.819722222222225,-7.496388888888889,0,0,Portugal,,,100
VRP,CASTELO BRANCO ULM,CBRAN,39.848333333333336,-7.441666666666667,0,0,Portugal,,,100
VRP,CASTELO DE PAIVA,CPAIV,41.04083333333333,-8.27138888888889,0,0,Portugal,,,100
VRP,CASTELO DE VIDE,CVIDE,39.41416666666667,-7.453611111111111,0,0,Portugal,,,100
VRP,CASTRO D’AIRE,CAIRE,40.89972222222222,-7.933333333333334,0,0,Portugal,,,100
VRP,CASTRO LABOREIRO,CLABO,42.030277777777776,-8.158055555555556,0,0,Portugal,,,100
VRP,CASTRO VERDE,CVERD,37.69944444444444,-8.085833333333333,0,0,Portugal,,,100
VRP,CASTRO VICENTE,CVICE,41.37916666666667,-6.84,0,0,Portugal,,,100
VRP,CELEIRO,CLEIR,41.57083333333334,-8.110555555555555,0,0,Portugal,,,100
VRP,CELORICO DA BEIRA,CEBEI,40.63361111111111,-7.3925,0,0,Portugal,,,100
VRP,CELORICO DE BASTO,CBAST,41.38666666666666,-8.002222222222223,0,0,Portugal,,,100
VRP,CERCAL DO ALENTEJO,CCALJ,37.800555555555555,-8.671944444444444,0,0,Portugal,,,100
VRP,CERNACHE,CERNA,40.13944444444444,-8.471111111111112,0,0,Portugal,,,100
VRP,CERVA (RIBEIRA DE PENA),CERVA,41.473055555555554,-7.846388888888889,0,0,Portugal,,,100
VRP,CERVAL ULM,CERVL,41.975,-8.673333333333332,0,0,Portugal,,,100
VRP,CHAMUSCA,CHAMU,39.35611111111111,-8.47861111111111,0,0,Portugal,,,100
VRP,CHANCA - ALTER DO CHAO,CHANC,39.24805555555556,-7.819166666666667,0,0,Portugal,,,100
VRP,CHANCELARIA,CCLAR,39.55305555555555,-8.553333333333335,0,0,Portugal,,,100
VRP,CHAVES,CHAVE,41.74194444444444,-7.473055555555556,0,0,Portugal,,,100
VRP,CIBORRO ULM,CBORR,38.7975,-8.201944444444443,0,0,Portugal,,,100
VRP,CINFAES,CINFA,41.07138888888889,-8.08888888888889,0,0,Portugal,,,100
VRP,COENTRAL ULM - TREVIM,COENT,40.07694444444445,-8.16,0,0,Portugal,,,100
VRP,COIMBRA,COIMB,40.20333333333333,-8.410277777777779,0,0,Portugal,,,100
VRP,COJA ULM - ARGANIL,COJA,40.275,-7.974444444444445,0,0,Portugal,,,100
VRP,COLARES,COLAR,38.806666666666665,-9.4425,0,0,Portugal,,,100
VRP,COMENDA ULM - GAVIAO,CMEND,39.425555555555555,-7.829444444444444,0,0,Portugal,,,100
VRP,COMPORTA,CPORT,38.41861111111111,-8.823611111111111,0,0,Portugal,,,100
VRP,COMPORTA ULM,CMPOR,38.394444444444446,-8.788055555555555,0,0,Portugal,,,100
VRP,CONCEICAO (OURIQUE),CONCE,37.77472222222222,-8.241388888888888,0,0,Portugal,,,100
VRP,CONDEIXA-A-NOVA,CNOVA,40.11138888888889,-8.497222222222222,0,0,Portugal,,,100
VRP,CORUCHE,CORUC,38.96083333333333,-8.525277777777779,0,0,Portugal,,,100
VRP,CORVACHA ULM - AMARANTE,CRCHA,41.231944444444444,-7.977222222222222,0,0,Portugal,,,100
VRP,COUCO,COUCO,39.987500000000004,-8.285277777777777,0,0,Portugal,,,100
VRP,COVA DO VAPOR,CVAPO,38.665,-9.255833333333333,0,0,Portugal,,,100
VRP,COVILHA˜,COVIL,40.275277777777774,-7.497222222222223,0,0,Portugal,,,100
VRP,COVOES,COVOE,40.430277777777775,-8.612777777777778,0,0,Portugal,,,100
VRP,CRATO,CRATO,39.2875,-7.645555555555555,0,0,Portugal,,,100
VRP,CUBA,CUBA,38.166666666666664,-7.890833333333333,0,0,Portugal,,,100
VRP,DAROEIRA ULM (HOTEL),DROEI,37.90833333333333,-8.323333333333332,0,0,Portugal,,,100
VRP,DOCA DO POCO DO BISPO,DPBIS,38.73444444444444,-9.103055555555555,0,0,Portugal,,,100
Seaport,DOIS PORTOS,DPORT,39.03972222222222,-9.183055555555555,0,0,Portugal,,,100
VRP,ELVAS,ELVAS,38.88,-7.163333333333334,0,0,Portugal,,,100
VRP,ENTRE-OS-RIOS ULM,ERIOS,41.08111111111111,-8.277222222222223,0,0,Portugal,,,100
VRP,ENTROCAMENTO,ENTRO,39.461111111111116,-8.478333333333333,0,0,Portugal,,,100
VRP,ERICEIRA,ERICE,38.965,-9.417222222222222,0,0,Portugal,,,100
VRP,ERMESINDE,ERMES,41.20861111111111,-8.542222222222222,0,0,Portugal,,,100
VRP,ERMIDAS DO SADO,ESADO,38.00277777777778,-8.414166666666667,0,0,Portugal,,,100
VRP,ERVEDOSA DO DOURO,EDOSA,41.16583333333333,-7.473611111111111,0,0,Portugal,,,100
VRP,ERVIDEL,ERVID,37.96416666666667,-8.085277777777778,0,0,Portugal,,,100
VRP,ESMORIZ,ESMOR,40.95472222222222,-8.626111111111111,0,0,Portugal,,,100
VRP,ESPICHEL (CABO),ESPIC,38.424166666666665,-9.185833333333333,0,0,Portugal,,,100
VRP,ESPINHO,ESPIN,41.00888888888889,-8.639444444444443,0,0,Portugal,,,100
VRP,ESPOSENDE,ESPOS,41.54055555555556,-8.792222222222222,0,0,Portugal,,,100
VRP,ESTADIO NACIONAL,ENACI,38.70416666666667,-9.257222222222222,0,0,Portugal,,,100
VRP,ESTARREJA,ESTAR,40.75222222222222,-8.570277777777777,0,0,Portugal,,,100
VRP,ESTREMOZ,ESTOZ,38.848333333333336,-7.586111111111111,0,0,Portugal,,,100
VRP,EVORA,EVORA,38.573055555555555,-7.907500000000001,0,0,Portugal,,,100
VRP,EVORA AD,EVR,38.53333333333333,-7.889444444444444,0,0,Portugal,,,100
VRP,FAFE,FAFE,41.45138888888889,-8.170833333333333,0,0,Portugal,,,100
VRP,FAIAS ULM,FAIAS,38.687777777777775,-8.745,0,0,Portugal,,,100
VRP,FAMALICAO,FAMAL,41.38166666666667,-8.500555555555556,0,0,Portugal,,,100
VRP,FARO,FARO,37.019444444444446,-7.930555555555556,0,0,Portugal,,,100
VRP,FATIMA,FTIMA,39.62916666666667,-8.675555555555555,0,0,Portugal,,,100
VRP,FATIMA - SALGUEIRA ULM,SLGUE,39.56111111111111,-8.642777777777777,0,0,Portugal,,,100
VRP,FATIMA ULM - GIESTEIRA,FATIM,39.587500000000006,-8.670833333333333,0,0,Portugal,,,100
VRP,FELGUEIRAS,FELGR,41.36555555555556,-8.198055555555555,0,0,Portugal,,,100
VRP,FERMENTELOS (PATEIRA),FERNE,40.57,-8.526111111111112,0,0,Portugal,,,100
VRP,FERRAGUDO,FGUDO,37.112500000000004,-8.511666666666667,0,0,Portugal,,,100
VRP,FERREIRA DO ALENTEJO,FERAL,38.05833333333333,-8.116388888888888,0,0,Portugal,,,100
VRP,FERREIRA DO ZEZERE,FEZEZ,39.69305555555555,-8.290555555555555,0,0,Portugal,,,100
VRP,FERREIRAS,FERRS,37.12722222222222,-8.243888888888888,0,0,Portugal,,,100
VRP,FIGUEIRA DA FOZ,FGFOZ,40.145833333333336,-8.866666666666667,0,0,Portugal,,,100
VRP,FIGUEIRA DE CASTELO RODRIGO,FCRDG,40.894999999999996,-6.960555555555556,0,0,Portugal,,,100
VRP,FIGUEIRA DE CAVALEIROS AERODROMO,FIGCA,38.0775,-8.235833333333332,0,0,Portugal,,,100
VRP,FIGUEIRO DOS VINHOS,FVINH,39.902499999999996,-8.275833333333335,0,0,Portugal,,,100
VRP,FOLGOSA,FOLGS,41.27055555555555,-8.534444444444444,0,0,Portugal,,,100
VRP,FONTE DA TELHA,FTELH,38.57194444444445,-9.194166666666668,0,0,Portugal,,,100
VRP,FONTE SERNE ULM,FSERN,37.88805555555555,-8.4475,0,0,Portugal,,,100
VRP,FORNOS DE ALGODRES,FADRS,40.62027777777778,-7.539166666666667,0,0,Portugal,,,100
VRP,FOROS DE AMORA,FAMOR,38.628055555555555,-9.118333333333334,0,0,Portugal,,,100
VRP,FOROS DE ARRAO,FOROS,39.177499999999995,-8.240833333333333,0,0,Portugal,,,100
VRP,FORTUNATO ULM - S. MANCOS,FRTUN,38.426944444444445,-7.725555555555555,0,0,Portugal,,,100
VRP,FOZ DO ARELHO,FOZAR,39.43111111111111,-9.233333333333333,0,0,Portugal,,,100
VRP,FOZ DO DOURO,FOURO,41.14555555555555,-8.674999999999999,0,0,Portugal,,,100
VRP,FREAMUNDE,FREAM,41.28916666666667,-8.34,0,0,Portugal,,,100
VRP,FREIXEIRO,FREXI,41.225833333333334,-8.684444444444445,0,0,Portugal,,,100
VRP,FREIXIAL (ALCACER DO SAL),FXIAL,38.426944444444445,-8.318333333333333,0,0,Portugal,,,100
VRP,FREIXIANDA,FRXDA,39.76277777777778,-8.464444444444444,0,0,Portugal,,,100
VRP,FREIXO DE ESPADA A CINTA,FREIX,41.08916666666667,-6.808333333333334,0,0,Portugal,,,100
VRP,FRONTEIRA,FRONT,39.05722222222222,-7.648055555555555,0,0,Portugal,,,100
VRP,FUNDAO,FUNDA,40.13861111111111,-7.501111111111111,0,0,Portugal,,,100
VRP,FURADOURO,FURAD,40.87305555555555,-8.675277777777778,0,0,Portugal,,,100
VRP,FUZETA,FZETA,37.05833333333333,-7.747222222222223,0,0,Portugal,,,100
VRP,GAIA,GAIA,41.12305555555555,-8.612222222222222,0,0,Portugal,,,100
VRP,GALVEIAS,GALVE,39.16027777777778,-7.998333333333333,0,0,Portugal,,,100
VRP,GARROCHEIRA ULM - BENAVENTE,AGARR,38.913333333333334,-8.785833333333333,0,0,Portugal,,,100
VRP,GARVA˜O,GRVAO,37.70888888888889,-8.34388888888889,0,0,Portugal,,,100
VRP,GOIS,GOIS,40.157222222222224,-8.110555555555555,0,0,Portugal,,,100
VRP,GONDIFELOS,GONDI,41.42833333333333,-8.585833333333333,0,0,Portugal,,,100
VRP,GONDOMAR,GONDO,41.14416666666666,-8.536666666666667,0,0,Portugal,,,100
VRP,GOUVEIA,GVEIA,40.492222222222225,-7.595277777777778,0,0,Portugal,,,100
VRP,GRANDOLA,GDOLA,38.176944444444445,-8.568888888888889,0,0,Portugal,,,100
VRP,GRANDOLA ULM,GRDOL,38.163333333333334,-8.538333333333334,0,0,Portugal,,,100
Helipad,GRIJO - HELIPORTO,GRIJO,41.0,-8.6,0,0,Portugal,,,100
VRP,GUARDA,GUARD,40.53861111111111,-7.2675,0,0,Portugal,,,100
VRP,GUILHOFREI,GFREI,41.57805555555556,-8.122777777777777,0,0,Portugal,,,100
VRP,GUIMARAES,GUIMA,41.44472222222222,-8.290833333333333,0,0,Portugal,,,100
VRP,GUINCHO,GUINC,38.7325,-9.472222222222223,0,0,Portugal,,,100
Helipad,HERDADE DA BRAVA HELIPORTO - MERTOLA,HBRAV,37.695277777777775,-7.620555555555556,0,0,Portugal,,,100
VRP,HERDADEDALAMEIRA-ULM(ALTERDOCHAO),LAMEI,39.27777777777778,-7.7725,0,0,Portugal,,,100
VRP,HERDADE DA ZAMBUJEIRA ULM (CASTRO VERDE),HZAMB,37.670833333333334,-8.123888888888889,0,0,Portugal,,,100
VRP,HERDADE DO ESPORAO ULM - REGUENGOS,HESPR,38.38777777777778,-7.55,0,0,Portugal,,,100
VRP,HERDADE DO MONTINHO,HMONT,38.3,-8.2,0,0,Portugal,,,100
VRP,HERDADE DO PONTAL - PEGOES ULM,HPONT,38.71138888888889,-8.61,0,0,Portugal,,,100
Helipad,HOSP. DA AMADORA - HELIPORTO,HOAMD,38.742222222222225,-9.245833333333332,0,0,Portugal,,,100
Helipad,HOSP. DA COVILHA - HELIPORTO,HOCVL,40.2675,-7.491388888888889,0,0,Portugal,,,100
Helipad,HOSP. DA GUARDA - HELIPORTO,HOGUA,40.52972222222222,-7.2780555555555555,0,0,Portugal,,,100
Helipad,HOSP. DE ABRANTES - HELIPORTO,HOABR,39.45611111111111,-8.199722222222222,0,0,Portugal,,,100
Helipad,HOSP. DE ALMADA - HELIPORTO (GARCIA DA ORTA),HOALM,38.675,-9.177222222222222,0,0,Portugal,,,100
Helipad,HOSP. DE BRAGA - HELIPORTO,HOBRA,41.56861111111112,-8.400277777777777,0,0,Portugal,,,100
Helipad,HOSP. DE BRAGANCA - HELIPORTO,HOBRG,41.802499999999995,-6.768611111111111,0,0,Portugal,,,100
Helipad,HOSP. DE CASCAIS - HELIPORTO,HOCAS,38.72888888888889,-9.418888888888889,0,0,Portugal,,,100
Helipad,HOSP. DE COIMBRA (COVOES) - HELIPORTO,HOCOI,40.19472222222222,-8.460277777777778,0,0,Portugal,,,100
Helipad,HOSP. DE EVORA - HELIPORTO,HOEVR,38.56805555555556,-7.902500000000001,0,0,Portugal,,,100
Helipad,HOSP. DE FARO - HELIPORTO,HOFAR,37.025277777777774,-7.929444444444445,0,0,Portugal,,,100
VRP,HOSP. DE GAIA - SERRA DO PILAR,HOGAI,41.12833333333333,-8.61,0,0,Portugal,,,100
Helipad,HOSP. DE GUIMARAES - HELIPORTO,HOGUI,41.44305555555555,-8.306666666666667,0,0,Portugal,,,100
Helipad,HOSP. DE LAMEGO - HELIPORTO,HOLAM,41.10444444444445,-7.811944444444444,0,0,Portugal,,,100
Helipad,HOSP. DE LEIRIA - HELIPORTO,HOLEI,39.74444444444445,-8.793055555555556,0,0,Portugal,,,100
Helipad,HOSP. DE MIRANDELA - HELIPORTO,HOMIR,41.484722222222224,-7.190555555555556,0,0,Portugal,,,100
Helipad,HOSP. DE PENAFIEL - HELIPORTO,HOPEN,41.19583333333333,-8.31,0,0,Portugal,,,100
Helipad,HOSP. DE PORTIMAO - HELIPORTO BARLAVENTO,HOPTM,37.156666666666666,-8.540833333333333,0,0,Portugal,,,100
Seaport,HOSP. DE SANTA CRUZ/CARNAXIDE - HELI- PORTO,HSCRZ,38.726111111111116,-9.234166666666665,0,0,Portugal,,,100
Helipad,HOSP.DESANTAMARIADAFEIRA-HELIPORTO,HFIRA,40.92944444444444,-8.548333333333334,0,0,Portugal,,,100
Helipad,HOSP. DE SANTAREM - HELIPORTO,HOSAN,39.24194444444444,-8.6975,0,0,Portugal,,,100
Helipad,HOSP. DE SANTIAGO DO CACEM - HELIPORTO,HSTCM,38.04111111111111,-8.731944444444444,0,0,Portugal,,,100
Helipad,HOSP. DE TOMAR - HELIPORTO,HOTOM,39.61055555555556,-8.395277777777777,0,0,Portugal,,,100
Helipad,HOSP. DE TORRES NOVAS - HELIPORTO,HOTNV,39.46944444444445,-8.537222222222223,0,0,Portugal,,,100
Helipad,HOSP. DE VIANA CASTELO - HELIPORTO,HOVIA,41.69777777777777,-8.831388888888888,0,0,Portugal,,,100
Helipad,HOSP. DE VILA FRANCA DE XIRA - HELIPORTO,HOVFX,38.97777777777778,-8.985,0,0,Portugal,,,100
Helipad,HOSP. DE VILA REAL (S. PEDRO) - HELIPORTO,HOVRL,41.31027777777778,-7.759166666666666,0,0,Portugal,,,100
Helipad,HOSP. DE VISEU - HELIPORTO,HOVIS,40.64888888888889,-7.905833333333334,0,0,Portugal,,,100
VRP,HOSP. S. FRANCISCO XAVIER - LISBOA,HOSFX,38.70861111111111,-9.22,0,0,Portugal,,,100
Helipad,HOSP. S. JOAO DO PORTO - HELIPORTO,HOSJO,41.17805555555555,-8.600555555555555,0,0,Portugal,,,100
VRP,HOSP. SANTA MARIA - LISBOA,HOSTM,38.74944444444444,-9.160555555555556,0,0,Portugal,,,100
VRP,HOSP. UNIVERSITARIO COIMBRA (LPCI),HOCOU,40.22,-8.413055555555555,0,0,Portugal,,,100
VRP,IDANHA-A-NOVA,INOVA,39.92333333333333,-7.241666666666667,0,0,Portugal,,,100
VRP,IGREJA DAS GALINHEIRAS,IGALI,38.78333333333333,-9.143333333333333,0,0,Portugal,,,100
VRP,ILHAVO,ILHAV,40.599444444444444,-8.66638888888889,0,0,Portugal,,,100
VRP,LADOEIRO ULM,LADOE,39.84138888888889,-7.283611111111111,0,0,Portugal,,,100
VRP,LAGOA,LAGOA,37.135,-8.456666666666665,0,0,Portugal,,,100
VRP,LAGOA DE ALBUFEIRA,LALBF,38.51277777777778,-9.173055555555555,0,0,Portugal,,,100
VRP,LAGOA DE S. ANDRE,LSTAN,38.100833333333334,-8.789444444444444,0,0,Portugal,,,100
Helipad,LAGOS - HELIPORTO,HLAGS,37.12083333333334,-8.676388888888889,0,0,Portugal,,,100
VRP,LAGOS - ULM,LAGOS,37.121944444444445,-8.678888888888888,0,0,Portugal,,,100
VRP,LAMAROSA (CORUCHE),LROSA,39.066944444444445,-8.463055555555554,0,0,Portugal,,,100
VRP,LAMEGO,LAMEG,41.1025,-7.806111111111111,0,0,Portugal,,,100
VRP,LAMEGO ULM,LMEGO,41.065555555555555,-7.700277777777778,0,0,Portugal,,,100
VRP,LAVADORES,LAVAD,41.129444444444445,-8.666666666666666,0,0,Portugal,,,100
VRP,LAVRA,LAVRA,41.248333333333335,-8.724722222222223,0,0,Portugal,,,100
VRP,LAVRE,LAVRE,38.775277777777774,-8.368333333333334,0,0,Portugal,,,100
VRP,LAVRE ULM,ALAVR,38.79972222222222,-8.498055555555554,0,0,Portugal,,,100
VRP,LECA DA PALMEIRA (LOCALIDADE),LESSA,41.19888888888889,-8.702222222222222,0,0,Portugal,,,100
VRP,LECA DO BALIO,LEBAL,41.21222222222222,-8.633888888888889,0,0,Portugal,,,100
VRP,LEIRIA,LEIRI,39.746944444444445,-8.807500000000001,0,0,Portugal,,,100
VRP,LENTISCA ULM - ORIOLA,LTISC,38.33888888888889,-7.855555555555555,0,0,Portugal,,,100
VRP,LEZIRIAS ULM,LEZIR,38.902499999999996,-8.936944444444444,0,0,Portugal,,,100
VRP,LINDOSO,LINDO,41.86638888888889,-8.19888888888889,0,0,Portugal,,,100
VRP,LISBOA CIDADE,LSBOA,38.72222222222222,-9.139444444444443,0,0,Portugal,,,100
VRP,LIXA,LIXA,41.321111111111115,-8.141666666666666,0,0,Portugal,,,100
VRP,LONGROIVA,LONGR,40.96361111111111,-7.209722222222222,0,0,Portugal,,,100
VRP,LORIGA,LORIG,40.325833333333335,-7.690833333333334,0,0,Portugal,,,100
Helipad,LOULE - HELIPORTO MUNICIPAL,LOULE,37.13138888888889,-8.033055555555556,0,0,Portugal,,,100
VRP,LOURICAL,LOURI,40.00472222222222,-8.735277777777776,0,0,Portugal,,,100
VRP,LOURINHA,LONHA,39.243611111111115,-9.311944444444444,0,0,Portugal,,,100
VRP,LOUROSA,LORSA,40.988055555555555,-8.545,0,0,Portugal,,,100
VRP,LOUSA,LOUSA,40.11083333333333,-8.245833333333332,0,0,Portugal,,,100
Helipad,LOUSA - HELIPORTO,HLOUS,40.14388888888889,-8.24111111111111,0,0,Portugal,,,100
VRP,LOUSADA,LSADA,41.27444444444444,-8.286666666666667,0,0,Portugal,,,100
VRP,LUSO,LUSO,40.38444444444444,-8.377222222222223,0,0,Portugal,,,100
VRP,MACEDO DE CAVALEIROS,MACAV,41.53861111111111,-6.960555555555556,0,0,Portugal,,,100
Helipad,MACEDO DE CAVALEIROS - HELIPORTO,MCAVL,41.525277777777774,-6.966388888888889,0,0,Portugal,,,100
VRP,MACIEIRA DE CAMBRA,MCAMB,40.855555555555554,-8.377777777777778,0,0,Portugal,,,100
VRP,MAFRA,MAFRA,38.941111111111105,-9.332222222222223,0,0,Portugal,,,100
Helipad,MAFRA - HELIPORTO,HMAFR,38.94305555555555,-9.35388888888889,0,0,Portugal,,,100
VRP,MAIA,MAIA,41.233333333333334,-8.622222222222224,0,0,Portugal,,,100
VRP,MALVEIRA,MALVE,38.93055555555555,-9.259722222222223,0,0,Portugal,,,100
VRP,MANGUALDE,MANGU,40.60444444444445,-7.761666666666667,0,0,Portugal,,,100
VRP,MANTEIGAS,MTGAS,40.400555555555556,-7.5408333333333335,0,0,Portugal,,,100
VRP,MARATECA,MTECA,38.57972222222222,-8.677777777777777,0,0,Portugal,,,100
VRP,MARCO DE CANAVEZES,MARCO,41.18444444444444,-8.147777777777778,0,0,Portugal,,,100
VRP,MARINHA GRANDE,MGRAN,39.75138888888889,-8.92861111111111,0,0,Portugal,,,100
VRP,MARMELETE,MARME,37.31111111111111,-8.667499999999999,0,0,Portugal,,,100
VRP,MARTINLONGO,MLONG,37.440555555555555,-7.771388888888889,0,0,Portugal,,,100
VRP,MARVAO,MARVA,39.394444444444446,-7.377777777777777,0,0,Portugal,,,100
VRP,MASSARELOS,MSRLS,41.15277777777778,-8.630833333333333,0,0,Portugal,,,100
Helipad,MASSARELOS - HELIPORTO,HMSRL,41.14666666666667,-8.6325,0,0,Portugal,,,100
VRP,MATOSINHOS,MATOS,41.183055555555555,-8.683333333333334,0,0,Portugal,,,100
VRP,MEALHADA,MEALH,40.37777777777778,-8.453055555555554,0,0,Portugal,,,100
VRP,MEIMOA,MEIMO,40.22805555555556,-7.187222222222222,0,0,Portugal,,,100
VRP,MELGACO,MELGA,42.11277777777778,-8.259166666666667,0,0,Portugal,,,100
VRP,MELIDES,MELID,38.1475,-8.729166666666666,0,0,Portugal,,,100
VRP,MERTOLA,MTOLA,37.641666666666666,-7.660833333333334,0,0,Portugal,,,100
Helipad,MESAO FRIO - HELIPORTO,MFRIO,41.11666666666667,-8.616666666666667,0,0,Portugal,,,100
VRP,MINAS DE SAO DOMINGOS,MSDOM,37.67305555555555,-7.498611111111111,0,0,Portugal,,,100
VRP,MINDE,MINDE,39.51444444444444,-8.688611111111111,0,0,Portugal,,,100
VRP,MINDELO,MDELO,41.31333333333333,-8.719166666666666,0,0,Portugal,,,100
VRP,MIRA,MIRA,40.42861111111111,-8.73611111111111,0,0,Portugal,,,100
VRP,MIRA DE AIRE,MAIRE,39.54111111111111,-8.715,0,0,Portugal,,,100
VRP,MIRAMAR (ARCOZELO),MIRAM,41.07,-8.654166666666667,0,0,Portugal,,,100
VRP,MIRANDA DO CORVO,MICOR,40.09277777777778,-8.3325,0,0,Portugal,,,100
VRP,MIRANDA DO DOURO,MIRAN,41.494166666666665,-6.273888888888889,0,0,Portugal,,,100
VRP,MIRANDELA,MDELA,41.48527777777778,-7.1819444444444445,0,0,Portugal,,,100
VRP,MODIVAS (VILA DO CONDE),MODIV,41.29555555555555,-8.695277777777777,0,0,Portugal,,,100
VRP,MOGADOURO,MOGAD,41.3425,-6.711111111111111,0,0,Portugal,,,100
VRP,MOIMENTA DA BEIRA,MOIME,40.97888888888889,-7.614166666666667,0,0,Portugal,,,100
VRP,MONCAO,MONCA,42.078611111111115,-8.480555555555556,0,0,Portugal,,,100
VRP,MONCARAPACHO,MPACH,37.08527777777778,-7.787222222222222,0,0,Portugal,,,100
VRP,MONCHIQUE (POVOACAO),MCHIQ,37.31805555555556,-8.556111111111111,0,0,Portugal,,,100
Helipad,MONCHIQUE - HELIPORTO,MONCH,37.32,-8.552222222222223,0,0,Portugal,,,100
VRP,MONDIM DE BASTO,MBAST,41.409166666666664,-7.956111111111111,0,0,Portugal,,,100
VRP,MONFORTE,MONFO,39.05166666666666,-7.438055555555556,0,0,Portugal,,,100
VRP,MONFORTE DA BEIRA,MONFB,39.74,-7.299166666666666,0,0,Portugal,,,100
VRP,MONFORTINHO ULM,MFORT,39.975,-6.909166666666667,0,0,Portugal,,,100
VRP,MONSANTO (COVILHA),MONST,40.038888888888884,-7.115277777777777,0,0,Portugal,,,100
VRP,MONSARAZ,MSRAZ,38.44305555555555,-7.3805555555555555,0,0,Portugal,,,100
VRP,MONTALEGRE,MONTA,41.82333333333334,-7.791944444444444,0,0,Portugal,,,100
VRP,MONTARGIL,ARGIL,39.07805555555556,-8.175555555555555,0,0,Portugal,,,100
VRP,MONTE DA VIRGEM - GAIA,MVIRG,41.108333333333334,-8.586666666666668,0,0,Portugal,,,100
VRP,MONTE DO LAGO ULM - MONTARGIL,MLAGO,39.07611111111112,-8.139999999999999,0,0,Portugal,,,100
VRP,MONTE GORDO,MGORD,37.183055555555555,-7.451944444444445,0,0,Portugal,,,100
VRP,MONTE REAL (POVOACAO),MREAL,39.85138888888889,-8.866111111111111,0,0,Portugal,,,100
VRP,MONTECHORO,MCHOR,37.099444444444444,-8.22888888888889,0,0,Portugal,,,100
VRP,MONTELAVAR,MLVAR,38.86055555555556,-9.3325,0,0,Portugal,,,100
VRP,MONTEMOR-O-NOVO,MNOVO,38.64888888888889,-8.21361111111111,0,0,Portugal,,,100
VRP,MORA,MORA,38.945277777777775,-8.163333333333334,0,0,Portugal,,,100
VRP,MORARGIL ULM,MORAR,38.993611111111115,-8.141944444444444,0,0,Portugal,,,100
VRP,MOREIRA (MAIA),MOREI,41.24611111111111,-8.645555555555555,0,0,Portugal,,,100
Helipad,MORGADO APRA (MIGUEL BARROS - LOULE) - HELIPORTO,HMBAR,37.14972222222222,-7.953888888888889,0,0,Portugal,,,100
VRP,MORTAGUA,MORTA,40.39694444444444,-8.229166666666666,0,0,Portugal,,,100
VRP,MOURA,MOURA,38.141666666666666,-7.446388888888889,0,0,Portugal,,,100
VRP,MOURAO,MORAO,38.38333333333333,-7.343611111111111,0,0,Portugal,,,100
VRP,MUGE ULM,MUGE,39.09722222222222,-8.658611111111112,0,0,Portugal,,,100
VRP,MURTOSA,MURTS,40.73722222222222,-8.640833333333333,0,0,Portugal,,,100
VRP,N. SRA. DE MACHEDE (TORRE DE COELHEIROS),MAXED,38.526944444444446,-7.809166666666666,0,0,Portugal,,,100
VRP,NAZARE,NZARE,39.59916666666667,-9.068888888888889,0,0,Portugal,,,100
VRP,NELAS,NELAS,40.53388888888889,-7.851944444444444,0,0,Portugal,,,100
VRP,NISA,NISA,39.51833333333333,-7.648888888888888,0,0,Portugal,,,100
VRP,NOGUEIRA,NEIRA,40.234722222222224,-8.5875,0,0,Portugal,,,100
VRP,NOSSA SENHORA MACHETE,NSMAC,38.578611111111115,-8.696944444444444,0,0,Portugal,,,100
VRP,OBIDOS,OBIDO,39.36055555555556,-9.157777777777778,0,0,Portugal,,,100
VRP,ODECEIXE,ODCXE,37.43277777777777,-8.771666666666668,0,0,Portugal,,,100
VRP,ODELEITE,ODLTE,37.33444444444444,-7.486944444444444,0,0,Portugal,,,100
VRP,ODEMIRA,OMIRA,37.59638888888889,-8.641944444444444,0,0,Portugal,,,100
VRP,ODIAXERE,ODIAX,37.14888888888889,-8.656666666666666,0,0,Portugal,,,100
VRP,ODIVELAS,ODIVL,38.801944444444445,-9.178333333333333,0,0,Portugal,,,100
VRP,OEIRAS,OEIRA,38.69277777777778,-9.314166666666667,0,0,Portugal,,,100
VRP,OLEIROS,OLEIR,39.91888888888889,-7.91388888888889,0,0,Portugal,,,100
VRP,OLHAO,OLHAO,37.02916666666667,-7.841388888888889,0,0,Portugal,,,100
VRP,OLIVEIRA DE AZEMEIS,OLIAZ,40.83972222222222,-8.474444444444444,0,0,Portugal,,,100
VRP,OLIVEIRA DE FRADES,OFRAD,40.73166666666667,-8.174166666666666,0,0,Portugal,,,100
VRP,OLIVEIRA DE FRADES ULM,OFRDE,40.719166666666666,-8.23611111111111,0,0,Portugal,,,100
VRP,OLIVEIRA DO BAIRRO,OLIBA,40.513333333333335,-8.495555555555555,0,0,Portugal,,,100
VRP,OLIVEIRA DO HOSP.,OLIVH,40.35944444444445,-7.8625,0,0,Portugal,,,100
VRP,ORIOLA,ORIOL,38.293055555555554,-7.861111111111111,0,0,Portugal,,,100
VRP,OUREM,OUREM,39.658055555555556,-8.578055555555554,0,0,Portugal,,,100
VRP,OURIQUE,ORQUE,37.653055555555554,-8.226111111111111,0,0,Portugal,,,100
VRP,OURIQUE ULM,OURIQ,37.67305555555555,-8.23472222222222,0,0,Portugal,,,100
VRP,OVAR (POVOACAO),OVAR,40.85916666666667,-8.627777777777778,0,0,Portugal,,,100
VRP,PACO DE ARCOS,PARCO,38.696666666666665,-9.291666666666666,0,0,Portugal,,,100
VRP,PAIAO,PAIAO,40.06944444444445,-8.805555555555557,0,0,Portugal,,,100
VRP,PALHACA,PALHA,40.526666666666664,-8.600277777777777,0,0,Portugal,,,100
VRP,PALMA ULM,PALMA,38.514722222222225,-8.57611111111111,0,0,Portugal,,,100
VRP,PALMEIRINHA (ALJEZUR),PLMEI,37.30916666666666,-8.854166666666666,0,0,Portugal,,,100
VRP,PALMELA,PALME,38.56722222222223,-8.899166666666666,0,0,Portugal,,,100
VRP,PAMPILHOSA,PAMPI,40.33416666666667,-8.424166666666666,0,0,Portugal,,,100
VRP,PAMPILHOSA DA SERRA ULM,PAMPS,40.026944444444446,-7.954444444444444,0,0,Portugal,,,100
VRP,PARADA (GUARDA),PARAD,40.5375,-7.036388888888888,0,0,Portugal,,,100
VRP,PARADA DE ESTER,PESTR,40.93055555555555,-8.05388888888889,0,0,Portugal,,,100
VRP,PAREDES,PARED,41.20861111111111,-8.33361111111111,0,0,Portugal,,,100
VRP,PAREDES DE COURA,PCOUR,41.913333333333334,-8.562777777777779,0,0,Portugal,,,100
VRP,PARQUE DAS NACOES,PNACO,38.76861111111111,-9.095833333333333,0,0,Portugal,,,100
VRP,PASSOS (CHAVES),PASSO,41.896388888888886,-7.161944444444445,0,0,Portugal,,,100
VRP,PAVIA,PAVIA,38.894999999999996,-8.0175,0,0,Portugal,,,100
VRP,PECHAO,PECHA,37.0625,-7.863611111111111,0,0,Portugal,,,100
VRP,PEDRO (ATZ EVORA),PEDRO,38.595555555555556,-7.971111111111111,0,0,Portugal,,,100
VRP,PEDROGAO GRANDE,PEDGR,39.91861111111111,-8.1425,0,0,Portugal,,,100
VRP,PEGOES,PGOES,38.68277777777777,-8.607222222222221,0,0,Portugal,,,100
VRP,PENACOVA,PCOVA,40.269999999999996,-8.281111111111112,0,0,Portugal,,,100
VRP,PENAFIEL,PFIEL,41.20666666666667,-8.284166666666666,0,0,Portugal,,,100
VRP,PENAMANCOR,PACOR,40.168055555555554,-7.171666666666667,0,0,Portugal,,,100
VRP,PENEDONO,PDONO,40.987500000000004,-7.394444444444445,0,0,Portugal,,,100
VRP,PENELA,PNELA,40.02972222222222,-8.389999999999999,0,0,Portugal,,,100
VRP,PENICHE,PICHE,39.355555555555554,-9.359722222222222,0,0,Portugal,,,100
VRP,PEREIRA (MONTEMOR O VELHO),PEREI,40.18416666666666,-8.581944444444444,0,0,Portugal,,,100
Helipad,PERNES - HELIPORTO,PERNS,39.376111111111115,-8.661666666666667,0,0,Portugal,,,100
VRP,PIAS,PIAS,38.019999999999996,-7.476666666666667,0,0,Portugal,,,100
VRP,PIAS LONGAS ULM,PLONG,39.58583333333333,-8.57638888888889,0,0,Portugal,,,100
VRP,PICOTE,PICOT,41.403055555555554,-6.3625,0,0,Portugal,,,100
VRP,PINHAL NOVO,PNOVO,38.63388888888889,-8.916111111111112,0,0,Portugal,,,100
VRP,PINHAO,PINHA,41.191111111111105,-7.5472222222222225,0,0,Portugal,,,100
VRP,PINHEIRO DA BEMPOSTA,PBEMP,40.78444444444444,-8.490277777777777,0,0,Portugal,,,100
VRP,PINHEIRO ULM,PINHE,38.45444444444445,-8.715,0,0,Portugal,,,100
VRP,PINHEL,PNHEL,40.77194444444444,-7.068888888888889,0,0,Portugal,,,100
VRP,POCEIRAO,PORAO,38.634166666666665,-8.743055555555555,0,0,Portugal,,,100
VRP,POMARAO,POMAR,37.55638888888888,-7.5247222222222225,0,0,Portugal,,,100
VRP,PONTE TWENTY FIFTH ABRIL,P25AB,38.689722222222215,-9.177222222222222,0,0,Portugal,,,100
VRP,PONTE DA BARCA,PARCA,41.80333333333333,-8.415277777777778,0,0,Portugal,,,100
VRP,PONTE DE LIMA,PLIMA,41.763888888888886,-8.582222222222223,0,0,Portugal,,,100
VRP,PONTE DE SOR,PTSOR,39.24805555555556,-8.008888888888889,0,0,Portugal,,,100
Seaport,PONTE DO FREIXO (PORTO),FREXO,41.14194444444444,-8.580833333333333,0,0,Portugal,,,100
VRP,PONTE VASCO DA GAMA,PGAMA,38.78527777777778,-9.088055555555556,0,0,Portugal,,,100
VRP,PORTALEGRE,PLGRE,39.294999999999995,-7.429722222222223,0,0,Portugal,,,100
VRP,PORTEL,PRTEL,38.30972222222222,-7.703055555555555,0,0,Portugal,,,100
VRP,PORTIMAO AD,PTMAO,37.13611111111111,-8.537777777777778,0,0,Portugal,,,100
Seaport,PORTO (CIDADE),PORTO,41.15,-8.610833333333334,0,0,Portugal,,,100
Seaport,PORTO ALTO ULM,PALTO,38.95416666666667,-8.865277777777777,0,0,Portugal,,,100
Seaport,PORTO COVO,PCOVO,37.85138888888889,-8.791666666666666,0,0,Portugal,,,100
Seaport,PORTO DAS BARCAS,PBARC,37.550555555555555,-8.790833333333333,0,0,Portugal,,,100
Seaport,PORTO DE LEIXOES,PORLX,41.18416666666666,-8.700555555555555,0,0,Portugal,,,100
Seaport,PORTO DE MOS,PMOS,39.60333333333333,-8.816944444444443,0,0,Portugal,,,100
VRP,POVOA DO LANHOSO,PLANH,41.57638888888889,-8.27138888888889,0,0,Portugal,,,100
VRP,POVOA DO VARZIM,PVARZ,41.37416666666667,-8.759444444444444,0,0,Portugal,,,100
VRP,PRAIA DA FALESIA,PFALE,37.090833333333336,-8.183333333333334,0,0,Portugal,,,100
VRP,PRAIA DA LUZ,PLUZ,37.086666666666666,-8.726111111111111,0,0,Portugal,,,100
VRP,PRAIA DA OURA,POURA,37.086111111111116,-8.226111111111111,0,0,Portugal,,,100
VRP,PRAIA DA ROCHA,PROCH,37.11666666666667,-8.535277777777777,0,0,Portugal,,,100
VRP,PRAIA DAS MACAS,PMACA,38.825,-9.47,0,0,Portugal,,,100
VRP,PRAIA DE FARO,PFARO,37.0075,-7.995277777777778,0,0,Portugal,,,100
VRP,PRAIA DOS ARRIFES,PARRI,37.07611111111112,-8.277222222222223,0,0,Portugal,,,100
VRP,PRAIA GRANDE,PGRAN,38.81444444444444,-9.476666666666667,0,0,Portugal,,,100
VRP,PRAIA OLHOS AGUA (ALGARVE),PAGUA,37.08972222222222,-8.190555555555555,0,0,Portugal,,,100
VRP,PRAIA VERDE,PVERD,37.175555555555555,-7.471111111111111,0,0,Portugal,,,100
VRP,PROENCA-A-NOVA (POVOACAO),PNOVA,39.750277777777775,-7.924722222222223,0,0,Portugal,,,100
VRP,QUARTEIRA,QUART,37.07166666666667,-8.101944444444444,0,0,Portugal,,,100
VRP,QUEIRA,QUEIR,40.69583333333333,-8.054166666666667,0,0,Portugal,,,100
VRP,QUELFES,QUELF,37.0575,-7.821666666666666,0,0,Portugal,,,100
VRP,QUELUZ,QUELZ,38.757222222222225,-9.259722222222223,0,0,Portugal,,,100
VRP,QUIAIOS,QUIAI,40.21194444444445,-8.8475,0,0,Portugal,,,100
Helipad,QUINTA DO LAGO - HELIPORTO,QLAGO,37.03333333333333,-8.016666666666667,0,0,Portugal,,,100
VRP,RALIS,RALIS,38.783055555555556,-9.120277777777778,0,0,Portugal,,,100
VRP,RAPOSA,RPOSA,39.109722222222224,-8.579444444444444,0,0,Portugal,,,100
VRP,REBORDELO,REBOR,41.73916666666667,-7.161944444444445,0,0,Portugal,,,100
VRP,REDONDO,RDOND,38.64666666666667,-7.5472222222222225,0,0,Portugal,,,100
VRP,REGUA,REGUA,41.163333333333334,-7.789166666666667,0,0,Portugal,,,100
VRP,REGUENGOS DE MONSARAZ,RGRAZ,38.42472222222222,-7.535,0,0,Portugal,,,100
VRP,RESENDE,RESEN,41.10611111111111,-7.964722222222222,0,0,Portugal,,,100
VRP,RIBA D’ AVE,RIBAV,41.39361111111111,-8.393611111111111,0,0,Portugal,,,100
VRP,RIBEIRA DE PENA,RPENA,41.519999999999996,-7.793888888888889,0,0,Portugal,,,100
VRP,RIO FRIO - ULM,RFRIO,38.68666666666666,-8.864444444444445,0,0,Portugal,,,100
VRP,RIO MAIOR,RIMOR,39.336666666666666,-8.936388888888889,0,0,Portugal,,,100
VRP,RIO MAU,RIMAU,41.40138888888889,-8.684722222222222,0,0,Portugal,,,100
VRP,ROSMANINHAL,ROSMA,39.72916666666667,-7.086111111111111,0,0,Portugal,,,100
VRP,S MARCOS DE ABOBODA,ABOBA,38.456944444444446,-7.918611111111112,0,0,Portugal,,,100
VRP,S. BARTOLOMEU,SBART,39.37916666666667,-7.934722222222223,0,0,Portugal,,,100
VRP,S. BARTOLOMEU DE MESSINES,SBMES,37.25694444444444,-8.286388888888888,0,0,Portugal,,,100
VRP,S. BRAS DE ALPORTEL,SBRAS,37.150555555555556,-7.888333333333333,0,0,Portugal,,,100
VRP,S. COSMADO,SCOSM,41.06333333333333,-7.643888888888888,0,0,Portugal,,,100
VRP,S. CRISTOVAO,SCRIS,38.49055555555556,-8.307222222222222,0,0,Portugal,,,100
VRP,S. GERALDO,SGERA,38.76361111111111,-8.195,0,0,Portugal,,,100
VRP,S. JACINTO,SJACI,40.66277777777778,-8.727777777777778,0,0,Portugal,,,100
VRP,S. JOAO DA MADEIRA,SJMAD,40.89722222222222,-8.48861111111111,0,0,Portugal,,,100
VRP,S. JOAO DA VENDA,SJVEN,37.07916666666667,-7.979166666666667,0,0,Portugal,,,100
VRP,S. MANCOS,SNCOS,38.45916666666667,-7.749722222222222,0,0,Portugal,,,100
VRP,S. MARCOS DA SERRA,SMRRA,37.36333333333334,-8.376666666666667,0,0,Portugal,,,100
VRP,S. MARTINHO DA CORTICA,SMCOR,40.272777777777776,-8.154722222222222,0,0,Portugal,,,100
Seaport,S. MARTINHO DO PORTO,SMPOR,39.513333333333335,-9.134722222222221,0,0,Portugal,,,100
VRP,S. MIGUEL DE MACHEDE,SMEDE,38.64527777777778,-7.728611111111111,0,0,Portugal,,,100
VRP,S. PEDRO DE MOEL,SMOEL,39.757777777777775,-9.029722222222222,0,0,Portugal,,,100
VRP,S. PEDRO DO SUL,SPSUL,40.76277777777778,-8.065555555555557,0,0,Portugal,,,100
VRP,S. ROMAO DO CORONADO,SRCOR,41.278888888888886,-8.552777777777779,0,0,Portugal,,,100
VRP,S. TEOTONIO,STEOT,37.50833333333333,-8.705277777777777,0,0,Portugal,,,100
VRP,S. VICENTE DA BEIRA,SVBRA,40.0375,-7.560277777777777,0,0,Portugal,,,100
VRP,S.JOA˜O DA PESQUEIRA,SJPES,41.147777777777776,-7.405,0,0,Portugal,,,100
VRP,S.MIGUEL DE LAUNDOS ULM - POVOA VARZIM,LAUND,41.448611111111106,-8.70861111111111,0,0,Portugal,,,100
VRP,SABROSA,SBROS,41.265,-7.575,0,0,Portugal,,,100
VRP,SABUGAL,SABUG,40.35055555555556,-7.0905555555555555,0,0,Portugal,,,100
VRP,SABUGAL ULM - RUVINA,SBGAL,40.406388888888884,-6.996111111111111,0,0,Portugal,,,100
VRP,SAGRES,SAGRE,37.00055555555556,-8.948333333333334,0,0,Portugal,,,100
VRP,SALAMONDE,SALAM,41.68,-8.095555555555556,0,0,Portugal,,,100
Helipad,SALEMAS ( ASSOCIADO HELIPORTO),SALEM,38.875,-9.195,0,0,Portugal,,,100
VRP,SALVADA,SALVA,37.934999999999995,-7.775,0,0,Portugal,,,100
VRP,SALVATERRA DE MAGOS,SMAGO,39.028055555555554,-8.791944444444445,0,0,Portugal,,,100
VRP,SAMORA CORREIA,SAMOR,38.91972222222222,-8.881944444444445,0,0,Portugal,,,100
Helipad,SANTA COMBA DAO - HELIPORTO,SCOMB,40.39861111111111,-8.134166666666665,0,0,Portugal,,,100
VRP,SANTA CRUZ,SCRUZ,39.134166666666665,-9.381388888888889,0,0,Portugal,,,100
VRP,SANTA EULALIA,SALIA,40.92583333333333,-8.275833333333335,0,0,Portugal,,,100
VRP,SANTA MARGARIDA AD MILITAR,SMARG,39.40555555555555,-8.291666666666666,0,0,Portugal,,,100
VRP,SANTA MARIA DA FEIRA (LOCALIDADE),FEIRA,40.925555555555555,-8.5425,0,0,Portugal,,,100
VRP,SANTA MARTA DE PENAGUIAO,SMPEN,41.21055555555556,-7.7875,0,0,Portugal,,,100
VRP,SANTANA DA SERRA,SANTS,37.5,-8.300555555555556,0,0,Portugal,,,100
VRP,SANTAREM,SAREM,39.24888888888889,-8.694444444444445,0,0,Portugal,,,100
VRP,SANTIAGO DE CACEM,STCEM,38.01638888888889,-8.695833333333333,0,0,Portugal,,,100
VRP,SANTO ALEIXO DA RESTAURACAO,SEIXO,38.068333333333335,-7.151111111111112,0,0,Portugal,,,100
VRP,SANTO ESTEVAO,SESTV,38.880833333333335,-8.715,0,0,Portugal,,,100
VRP,SANTO TIRSO,STIRS,41.3425,-8.47638888888889,0,0,Portugal,,,100
VRP,SAPEC ULM - SETUBAL,SAPEC,38.49638888888889,-8.824722222222222,0,0,Portugal,,,100
VRP,SARDOAL,SARDL,39.54055555555556,-8.16,0,0,Portugal,,,100
Helipad,SARDOAL - HELIPORTO,SDOAL,39.5425,-8.160277777777779,0,0,Portugal,,,100
VRP,SARZEDAS,SARZD,39.85027777777778,-7.686388888888889,0,0,Portugal,,,100
VRP,SEIA,SEIA,40.421388888888885,-7.704444444444444,0,0,Portugal,,,100
VRP,SEIXAL,SEIXL,38.64388888888889,-9.102777777777778,0,0,Portugal,,,100
VRP,SERNANCELHE,SNCEL,40.89694444444444,-7.490833333333334,0,0,Portugal,,,100
VRP,SERPA,SERPA,37.94305555555555,-7.597222222222222,0,0,Portugal,,,100
VRP,SERRA DA CARREGUEIRA (TANCOS),SCARR,39.40083333333333,-8.37138888888889,0,0,Portugal,,,100
VRP,SERRA DA ESTRELA,SESTR,40.323055555555555,-7.596111111111111,0,0,Portugal,,,100
VRP,SERRA DE ALVELOS,SALVE,39.911944444444444,-8.009166666666667,0,0,Portugal,,,100
VRP,SERRA DE MONTEJUNTO,SMONT,39.16611111111111,-9.053055555555556,0,0,Portugal,,,100
VRP,SERRA DE MONTEMURO,SMURO,40.964444444444446,-8.016944444444444,0,0,Portugal,,,100
VRP,SERRA DE S. MAMEDE,SMAME,39.31666666666667,-7.316666666666666,0,0,Portugal,,,100
VRP,SERRA DO PILAR,SPLAR,41.13777777777778,-8.608055555555556,0,0,Portugal,,,100
VRP,SERRA DOS CANDEEIROS,SCAND,39.43583333333333,-8.916944444444443,0,0,Portugal,,,100
VRP,SERTA,SERTA,39.806666666666665,-8.099166666666667,0,0,Portugal,,,100
VRP,SESIMBRA,SMBRA,38.44333333333333,-9.102777777777778,0,0,Portugal,,,100
VRP,SEVER DO VOUGA,SEVER,40.73416666666667,-8.370277777777778,0,0,Portugal,,,100
VRP,SILVARES,SILVR,40.135555555555555,-7.672777777777778,0,0,Portugal,,,100
Helipad,SILVES - HELIPORTO (MATA MOUROS),SILVE,37.17972222222222,-8.452777777777778,0,0,Portugal,,,100
Helipad,SINES - HELIPORTO,SINES,37.955000000000005,-8.879444444444445,0,0,Portugal,,,100
VRP,SINTRA (POVOACAO),SINTR,38.79888888888889,-9.388055555555555,0,0,Portugal,,,100
VRP,SOBRAL DE MONTE AGRACO,SBRAL,39.018055555555556,-9.151388888888889,0,0,Portugal,,,100
VRP,SONEGA (SINES),SONEG,37.84638888888889,-8.746388888888887,0,0,Portugal,,,100
VRP,SOURE,SOURE,40.06111111111111,-8.625277777777779,0,0,Portugal,,,100
VRP,SOUSEL,SOUZL,38.952222222222225,-7.675277777777778,0,0,Portugal,,,100
VRP,TABUA,TABUA,40.359722222222224,-8.028055555555556,0,0,Portugal,,,100
VRP,TABUACO,TBACO,41.11666666666667,-7.568333333333333,0,0,Portugal,,,100
VRP,TANCOS AD,TANCS,39.47555555555556,-8.365,0,0,Portugal,,,100
VRP,TAROUCA,TAROC,41.02055555555555,-7.777222222222222,0,0,Portugal,,,100
VRP,TAVIRA,TAVIR,37.12583333333333,-7.65,0,0,Portugal,,,100
VRP,TAVIRA ULM,TVIRA,37.117777777777775,-7.669444444444445,0,0,Portugal,,,100
VRP,TELOES,TELOE,41.45666666666667,-7.686388888888889,0,0,Portugal,,,100
VRP,TERRAS DE BOURO,TBOUR,41.717222222222226,-8.308333333333334,0,0,Portugal,,,100
VRP,TERREIRO DO PACO,TPACO,38.7025,-9.126666666666667,0,0,Portugal,,,100
VRP,TOCHA,TOCHA,40.31305555555555,-8.753333333333334,0,0,Portugal,,,100
VRP,TOJEIRA ULM,TOJEI,38.88333333333333,-9.4275,0,0,Portugal,,,100
VRP,TOMAR,TOMAR,39.603611111111114,-8.415555555555557,0,0,Portugal,,,100
VRP,TONDELA,TDELA,40.51611111111111,-8.079166666666666,0,0,Portugal,,,100
VRP,TORRAO (BARRAGEM),TRRAO,38.2475,-8.295277777777777,0,0,Portugal,,,100
VRP,TORRE (SERRA DA ESTRELA),TORRE,40.32166666666667,-7.609999999999999,0,0,Portugal,,,100
VRP,TORRE DA GADANHA,GDANH,38.58305555555556,-8.2875,0,0,Portugal,,,100
VRP,TORRE DAS VARGENS,VARGE,39.309444444444445,-7.908611111111111,0,0,Portugal,,,100
VRP,TORRE DE CONTROLO MARITIMO,TCMAR,38.69361111111111,-9.234444444444444,0,0,Portugal,,,100
VRP,TORRE DE MONCORVO,TCORV,41.17222222222222,-7.053055555555555,0,0,Portugal,,,100
VRP,TORRE VA ULM,TRVA,37.831388888888895,-8.397499999999999,0,0,Portugal,,,100
VRP,TORREIRA,TOREI,40.760555555555555,-8.708055555555555,0,0,Portugal,,,100
VRP,TORRES NOVAS,TNOVA,39.480000000000004,-8.539444444444444,0,0,Portugal,,,100
VRP,TORRES VEDRAS,TVEDR,39.09138888888889,-9.256944444444445,0,0,Portugal,,,100
Helipad,TORRES VEDRAS - HELIPORTO,HTVED,39.08916666666667,-9.263055555555555,0,0,Portugal,,,100
VRP,TRAFARIA,TRAFR,38.67111111111111,-9.2325,0,0,Portugal,,,100
VRP,TROFA,TROFA,41.33888888888889,-8.559444444444445,0,0,Portugal,,,100
VRP,TROIA,TROIA,38.487500000000004,-8.904444444444445,0,0,Portugal,,,100
VRP,TUNEL VFR PRT MOUTH OF RIO CAVADO,ZENDE,41.54055555555556,-8.792222222222222,0,0,Portugal,,,100
VRP,VAGOS,VAGOS,40.55305555555555,-8.683333333333334,0,0,Portugal,,,100
VRP,VALADA ULM,AVLAD,39.074444444444445,-8.765833333333333,0,0,Portugal,,,100
VRP,VALADARES,VALAD,41.095555555555556,-8.630833333333333,0,0,Portugal,,,100
VRP,VALADAS - FERREIRA DO ZEZERE ULM,VLADA,39.68194444444444,-8.253055555555555,0,0,Portugal,,,100
VRP,VALDONAS ULM - TOMAR,VDONA,39.590833333333336,-8.37138888888889,0,0,Portugal,,,100
VRP,VALE DA MUA,VDMUA,39.59027777777778,-7.920833333333333,0,0,Portugal,,,100
VRP,VALE DA TELHA (ALJEZUR),VTELH,37.303888888888885,-8.850555555555555,0,0,Portugal,,,100
VRP,VALE DE ACOR,VACOR,39.24888888888889,-7.924166666666667,0,0,Portugal,,,100
VRP,VALE DE CAMBRA,VCAMB,40.846111111111114,-8.39472222222222,0,0,Portugal,,,100
VRP,VALE DE LOBO,VLOBO,37.06027777777778,-8.058333333333334,0,0,Portugal,,,100
VRP,VALENCA,VALEN,42.03194444444444,-8.645277777777777,0,0,Portugal,,,100
VRP,VALONGO,VALON,41.191111111111105,-8.497777777777777,0,0,Portugal,,,100
VRP,VALONGO (PT SOR),VLONG,39.17166666666667,-7.870277777777778,0,0,Portugal,,,100
VRP,VALPACOS,VALPA,41.60638888888889,-7.3133333333333335,0,0,Portugal,,,100
VRP,VALVERDE,VALVE,38.532777777777774,-8.021666666666668,0,0,Portugal,,,100
VRP,VEIROS,VEIRO,38.95472222222222,-7.508055555555556,0,0,Portugal,,,100
VRP,VENDA DO PINHEIRO,VPINH,38.92333333333333,-9.230833333333333,0,0,Portugal,,,100
VRP,VENDA NOVA (BRAGA),VNOVA,41.67222222222222,-7.958888888888889,0,0,Portugal,,,100
VRP,VENDAS NOVAS,VOVAS,38.67777777777778,-8.456388888888888,0,0,Portugal,,,100
VRP,VENDAS NOVAS ULM,VENOV,38.70277777777778,-8.446666666666667,0,0,Portugal,,,100
VRP,VIANA DO ALENTEJO,VIAAL,38.33444444444444,-8.000555555555556,0,0,Portugal,,,100
Helipad,VIANA DO ALENTEJO - HELIPORTO,HVIAL,38.338055555555556,-8.006388888888889,0,0,Portugal,,,100
VRP,VIANA DO ALENTEJO ULM,VTEJO,38.36138888888889,-8.058611111111112,0,0,Portugal,,,100
VRP,VIANA DO CASTELO,VIANA,41.69888888888889,-8.8275,0,0,Portugal,,,100
VRP,VIDAGO,VIDAG,41.64055555555556,-7.571944444444444,0,0,Portugal,,,100
VRP,VIDIGUEIRA,VIDIG,38.21055555555556,-7.801666666666667,0,0,Portugal,,,100
VRP,VIEIRA DO MINHO,VIEMI,41.635555555555555,-8.142777777777777,0,0,Portugal,,,100
VRP,VILA DO BISPO,VIBIS,37.081944444444446,-8.912777777777778,0,0,Portugal,,,100
VRP,VILA DO CONDE,VCOND,41.35388888888889,-8.743333333333332,0,0,Portugal,,,100
VRP,VILA FLOR,VFLOR,41.30916666666666,-7.155555555555556,0,0,Portugal,,,100
VRP,VILA FRANCA DE XIRA,VXIRA,38.95527777777778,-8.985833333333332,0,0,Portugal,,,100
VRP,VILA NOVA DE CERVEIRA,VNCER,41.93944444444444,-8.744166666666667,0,0,Portugal,,,100
VRP,VILA NOVA DE FOZ COA,VNCOA,41.08305555555556,-7.135833333333334,0,0,Portugal,,,100
VRP,VILA NOVA DE MILFONTES,VNMIL,37.723333333333336,-8.784722222222221,0,0,Portugal,,,100
VRP,VILA NOVA DE PAIVA,VNPAI,40.85111111111111,-7.729444444444445,0,0,Portugal,,,100
VRP,VILA NOVA DE TAZEM,VAZEN,40.50361111111111,-7.701666666666667,0,0,Portugal,,,100
VRP,VILA POUCA DE AGUIAR,VPIAR,41.500277777777775,-7.642499999999999,0,0,Portugal,,,100
VRP,VILA PRAIA DE ANCORA,VPANC,41.81361111111111,-8.845277777777778,0,0,Portugal,,,100
VRP,VILA REAL,VREAL,41.29555555555555,-7.746944444444445,0,0,Portugal,,,100
VRP,VILA REAL DE SANTO ANTONIO,VRSAN,37.19416666666666,-7.415555555555556,0,0,Portugal,,,100
VRP,VILA VELHA DE RODAO,VVROD,39.658055555555556,-7.676388888888889,0,0,Portugal,,,100
VRP,VILA VERDE - BRAGA,VVERD,41.65083333333333,-8.433333333333334,0,0,Portugal,,,100
VRP,VILA VICOSA,VILVI,38.77861111111111,-7.417777777777778,0,0,Portugal,,,100
Seaport,VILAMOURA (MARINA),VLMRA,37.07527777777778,-8.122222222222224,0,0,Portugal,,,100
VRP,VILAR DA MACADA,VILMA,41.32611111111112,-7.562777777777778,0,0,Portugal,,,100
VRP,VILAR DE LUZ AD,VILUZ,41.28666666666666,-8.503333333333334,0,0,Portugal,,,100
VRP,VILAR FORMOSO,VIFOR,40.605000000000004,-6.828888888888889,0,0,Portugal,,,100
VRP,VIMIEIRO,VMIEI,38.83083333333334,-7.839722222222222,0,0,Portugal,,,100
VRP,VIMIEIRO ULM,VIMER,38.85027777777778,-7.846666666666667,0,0,Portugal,,,100
VRP,VIMIOSO,VIMIO,41.583333333333336,-6.531944444444444,0,0,Portugal,,,100
VRP,VINHAIS,VINHA,41.83166666666667,-7.008611111111111,0,0,Portugal,,,100
VRP,VISEU,VISEU,40.657777777777774,-7.914444444444444,0,0,Portugal,,,100
VRP,VIZELA,VIZEL,41.375277777777775,-8.309166666666668,0,0,Portugal,,,100
VRP,VOLTA DO VALE ULM,VVALE,38.96333333333334,-8.397777777777778,0,0,Portugal,,,100
VRP,VOUZELA,VZELA,40.72166666666667,-8.108888888888888,0,0,Portugal,,,100
VRP,ZAMBUJAL - PINHEIRO,ZAMBJ,38.51611111111111,-8.700277777777776,0,0,Portugal,,,100
VRP,ZAMBUJEIRA DO MAR,ZAMBU,37.51611111111111,-8.781944444444445,0,0,Portugal,,,100
VRP,ZIBREIRA,ZIBRE,39.48388888888889,-8.61,0,0,Portugal,,,100
